Group,Level,Answer
#0001,1,U060000N111000F043000X001001W021010I004010P023011V020030Z031030T010031L001031Y043041
#0002,1,F020000Y112000Z023000N130001I004010P001011W034011L120021X001030U022030V021031T034031
#0003,1,U000000X002000N083000I000001L044001W034010Y061021V020030Z031030P154030T021031F003031
#0004,1,F020000Y082000Z023000N134001I000010W020011P061011L124021U001030X003030T010031V033031
#0005,1,F020000Y112000P073000T010001I000010Z023011X002020L134020W011021V034031U011040N061041
#0006,1,U060000N111000F043000X001001W021010I004010P023011V020030Z031030T010031Y001031L044041
#0007,1,F020000Y112000Z023000N130001I004010V011011T034011L120021X001030U022030W002031P041041
#0008,2,U000000X002000N083000I000001L044001W034010Y061021V020030Z031030P134030T021031F043031
#0009,2,L090000N014000Z031001V002001I000010P071010T010011Y134020X002030W011031F073031U051050
#0010,2,I000000U001000X003000L144000W020001P061001N154020V020021T033021Z021030F003030Y082050
#0011,2,L140000P101000U064000X003001F020010Z002010W021011N150020Y022030V021031T034031I010050
#0012,2,U060000Y091000X001001Z023001L001010I004011W011020N053020F072030T010031V001031P090050
#0013,2,I000000L111000V002000Y070001P081010Z013010T034011X002030U023030W011031F073031N110050
#0014,2,N100000X003000U074000P030001I000010W021010Z022011Y070021F063021V021030T034030L044041
#0015,3,L020000N091000I004000X002001U023001W020011Y000020P120030T021030F003030Z013031V034031
#0016,3,N100000Z023000P140001W021001Y054001U001010I004010X001021V020030T033030F073031L020041
#0017,3,N140000Y091000F020001Z023001W021010P062010I004011L150020V021030T034030X001031U022031
#0018,3,I000000F051000U042000Z000001X003001N144010Y070011L031020P013020V022030W032031T023031
#0019,3,T010000L001000I010001F073010U030011Z023011X001020V021021N124021W033030P140031Y083050
#0020,3,N140000Y091000F020001Z023001T011010V002010I004011L150020W012030X001031U022031P023040
#0021,3,F020000U042000Z000001X003001I000010P023010L070011Y054021V011030T034030W001031N082050
#0022,3,I000000U051000X002000Y154000T010001W034001P011020N073020Z031021F050031V034031L090050
#0023,3,Y100000N144000F020001Z023001W020010P061010I000011L154020V020030T033030U001031X003031
#0024,3,N140000Y091000Z000001F043001T011010V002010I004011L150020W002030X001031U022031P041040
#0025,3,T000000W013000P070001U032001I000010L034010X003011Z013020F031021V034031Y022040N061041
#0026,3,I000000N091000F014000X002001U023001Y011010W020011Z014020V020031T033031P144031L043040
#0027,3,L130000Y091000X001001Z023001P001010W034010I004011N120021T011030V034030F061031U022031
#0028,3,N140000F061000U042000Z000001X003001W033010I004010Y034021T010030V033030P001031L020041
#0029,3,I000000U001000X003000L144000V010001T033001N154020W011021Z021030F003030P022031Y082050
#0030,3,N140000Y091000F020001Z023001W021010P062010I004011L150020T011030V034030X001031U022031
#0031,3,Y100000L134000Z000001X003001P000010W033010I000011N124021V020030T033030U001031F003031
#0032,3,I000000U001000X003000L144000V010001T033001N154020W001021F061030Z002030P040031Y082050
#0033,3,U040000W013000X001001Z023001N140010T021010Y054010V034011L043030F061031P023041I010050
#0034,3,N140000Y091000Z000001F043001V011010T034010I004011L150020W012030X001031U022031P023040
#0035,3,N100000X003000U074000F020001P040010I000011W033011T010030Y001030Z013031V034031L044040
#0036,3,T000000W013000U030001P033001I000010L034010X001011Z013020N053021V020031F072031Y022040
#0037,3,N140000Y091000Z000001F043001T011010V002010I004011L150020W012030X001031U022031P023040
#0038,3,L130000P081000X003000U074000W021010F020011Z002011N120021T011030V034030Y022031I010051
#0039,3,T000000W013000U030001P033001I000010L034010X001011Z013020F073021V020031Y022040N001041
#0040,3,N140000Y091000F020001Z023001V011010T034010I004011L150020W012030X001031U022031P023040
#0041,3,Y100000L134000Z000001X003001P000010W033010I000011N124021T010030V033030U001031F003031
#0042,3,L100000F014000U000001X002001Y124001I000010W021010N073021T011030V034030P010031Z001031
#0043,3,V010000Z023000I010001P111010U064010X003011L141020Y140021F031030W002030T012031N101050
#0044,3,Y100000N144000F020001Z023001P000010W033010I000011L154020T010030V033030U001031X003031
#0045,3,I000000F051000U042000Z000001X003001N144010Y070011L031020P053020V034030W032031T023031
#0046,3,U040000W013000X001001Z023001N140010T021010Y054010V034011F003030L021031P040040I010051
#0047,3,N140000Y091000Z000001F043001V011010T034010I004011L150020W002030X001031U022031P041040
#0048,4,F020000U022000I004000N130001P001001W034001L120021V021021T034021X001030Z002030Y112050
#0049,4,P070000U032000Y000001I004001X003010L010011Z013011N011020F032030V034030W032031T023031
#0050,4,I010000N070001F051001V002001Y060010Z014010P130020W033021T021030X003030U074030L043041
#0051,4,Y000000I004000U030001P033001L010010Z013010X001011N053021W032030T023030V020031F072031
#0052,4,N110000X002000U023000I000001L044001W020010Y061021V020030T033030P134030F061031Z023031
#0053,4,T000000X003000U074000L000001P150010W001011Z032020F031021Y021030V034031N061041I010050
#0054,4,I010000N070001F051001V002001Y060010Z014010P130020L033021T021030X003030U074030W032031
#0055,4,F020000U022000I004000N130001P001001W034001L120021T011021V034021X001030Z002030Y112050
#0056,4,L100000Y034000V010001I004001T010010P091010Z031011W011030F073030U000031X002031N101050
#0057,4,T010000Y001000I010001F014010Z030011V001011N124011W021020U060030X001031L021040P023041
#0058,4,I010000V000001P073001Z030010N091010Y054010F020021L034021U070030X001030T023030W033031
#0059,4,U070000X001000N092000Z013001I004001P023010W012021Y060030T034030V020031F003031L020040
#0060,4,L130000U031000I004000X001001P062001F072010Y120021N012021Z023021T021030W022030V034031
#0061,4,I010000T010001Y001001Z030010V001010N154010F014011L071021U070030X001030W022031P023040
#0062,4,N110000X002000U023000I000001L044001W020010Y061021T010030V033030P134030F061031Z023031
#0063,4,I000000Y061000P070001U032001Z031010L053010X003011F031021T021030W022030V034031N061041
#0064,4,F020000U022000I004000N130001W021001P062001L120021V021021T034021X001030Z002030Y112050
#0065,4,I010000T010001L001001U030010Z023010F073011V021020Y154020X001021P130030W033031N101050
#0066,4,N100000P023000W000001Y054001U070010X001010L053020T021021F003021Z012030V033030I010051
#0067,4,L000000U064000T000001X003001Z000010W022010N130011F032021V020031P054031Y091040I010050
#0068,4,L140000X001000P062000U031001I004001F032011Y150020N012020Z023020V034030W032031T023031
#0069,4,I010000Y060001T034001P150010L061010V002020W011021N053021X001030Z002030F072031U050050
#0070,4,I000000Y061000U030001P033001Z031010L053010X001011F073021T021030W022030V020031N001041
#0071,5,I010000P030001V012001Y010010N101010Z014010W020021F043021T021030X003030U074030L020041
#0072,5,U070000X001000T002000Y061001N144010L121011F043011Z012020P023030V020031W022031I010050
#0073,5,P090000N043000T010001V033001I004001F050010W034010U060030L044030X001031Z002031Y091050
#0074,5,U060000L011000W013000X001001T002001P124010F073020Z012021V020030Y043031N001040I010051
#0075,5,I000000Y111000W012000P124000X003010L000011N000021T021030F052030U074030V020031Z031031
#0076,5,F020000V002000T010001L001001I000010W033010X003011N011021Z013030U064030Y022031P112050
#0077,5,P000000X003000L144000I000001U031001F072011N000020Y154020V020030Z031030T021031W022031
#0078,5,I000000Y111000W012000P124000F033010L000011Z000021N052021T021030X003030U074030V020031
#0079,5,F020000V002000Y060001T034001I000010W033010L020011Z013030U064030P000031X003031N082050
#0080,5,P150000Y101000W001001I004001N031010V012010F031011L053020T033030X001031Z002031U040050
#0081,5,I000000Y111000W012000P124000F033010V010011N033011Z021021T021030X003030U074030L043041
#0082,5,F020000V002000L060001T034001I000010W033010Z031011Y010021N043030X002031P144031U041050
#0083,5,P150000Y101000W001001I004001L061010F071011N062020U060030Z013030V034030X001031T023031
#0084,5,Y090000P154000I000001W012001L000010X003011Z000020N052020V020030U064030T021031F052031
#0085,5,L090000N014000Z031001V002001I000010P071010F050011Y134020X002030T010031W002031U051050
#0086,5,I000000U001000F043000P000001W033001N134001V020021T033021L124021Z021030X003030Y082050
#0087,5,L130000U051000X002000Y154000W034001V010011F061020T023020N031021Z022031P054031I010050
#0088,5,F020000V002000L060001T034001I000010W033010X001011Y013021Z013030P134030U010031N082050
#0089,5,I010000T010001Y001001L070010V011010Z014010F014011W021021X003030U074030P010031N100050
#0090,5,P120000W001000Y083000I004000X001010V011011N034011Z022021U070030F012030T023030L044041
#0091,5,F020000V002000L060001T034001I000010W033010Y021011Z013030U064030P000031X003031N082050
#0092,5,I010000T010001Y001001L070010V011010Z014010N014011W011021X003030U074030F002031P100050
#0093,5,P150000Y101000W001001I004001L001010X001011N001020U060030V021030Z032030F012031T023031
#0094,5,Y090000P154000I000001W012001L060010X003011N011020Z022020V033030U064030T021031F052031
#0095,5,I000000F051000V002000Z030001Y001001W034011P121020N053020L120021X002030T034031U051050
#0096,5,P120000W001000Y083000I004000F071010L001011N001021U070030X001030T023030V021031Z032031
#0097,5,Y090000P154000I000001W012001L060010F033011N011020Z022020V033030U064030T021031X003031
#0098,5,I000000U051000X002000N034000T010001L034001F013011W021020P134030V020031Z031031Y021040
#0099,5,U060000N111000W013000X001001T021010I004010F043011V033020Y034021P010031Z001031L020040
#0100,5,N100000Z013000P124000I000001F051001Y070010T002020L031021X003021W032030V034030U012041
#0101,5,U050000X001000Z023000F013001I004001Y034010N050011P130020L073021T021030W022030V032031
#0102,5,I000000U001000F043000T010001V001001N134001W011021L124021Z021030X003030P022031Y082050
#0103,5,F020000V002000Y060001T034001I000010W033010L070011P001021Z013030U064030X003031N082050
#0104,6,I000000T011000P082000V034000N020001L070011F014011W021021Z021030X003030U074030Y082050
#0105,6,L060000Y134000I010001V011010P000011F073011N150020Z002020W032030T000031X003031U042050
#0106,6,I000000P071000Z023000U030001L123001Y144001X001011N154020T021030W022030V020031F072031
#0107,6,I000000T011000V002000Y010001L001001P022011W012020N124021F043030X001031Z002031U040050
#0108,6,F020000Y112000P073000T010001I000010W013011X002020L134020N011021Z013031V034031U011040
#0109,6,I000000V021000P082000T034000N020001L070011F014011W021021Z021030X003030U074030Y082050
#0110,6,P120000W001000Y083000I004000X001010N071011V002011Z002021U070030F012030T023030L021041
#0111,6,I000000V011000L084000T010001U032010W013011X003020N011021Y124021F061030Z013031P102050
#0112,6,I000000T011000P082000V034000N020001W020011F014011Z021030X003030U074030L020031Y082050
#0113,6,P120000W001000Y083000I004000F071010Z031011V002011U070030X001030T023030N021031L021041
#0114,6,I000000V011000T034000Y010001L001001F042011W012020Z023021X003030U074030P051031N100050
#0115,6,F050000L001000I010001X003010P140011V011011Z014011W011030T034030U023031Y000041N091050
#0116,6,I010000L060001Y054001P000010W013010F041011N154020Z022021U070030X001030T023030V033031
#0117,6,I000000T011000V002000Y010001L001001F042011W012020Z023021X003030U074030P051031N100050
#0118,6,W020000Y061000I010001Z023010V010011F013011N134011L150020T011030X001031P073031U042050
#0119,6,U040000N043000X001001Z023001W020010F014010V034011P140021T034030L021031Y021040I010051
#0120,6,I000000T011000V002000Y010001L001001F022011W012020Z001021X003030U074030P051031N100050
#0121,6,N070000P111000T033000U064000X003001F020011Z032020Y140021W012031V034031L100040I010050
#0122,6,I000000Y111000W012000P124000F033010Z030011V001011T021030X003030U074030N020031L020041
#0123,6,I000000Z031000V002000Y060001T034001L070011W001020P001021F061030U064030X003031N082050
#0124,6,N150000Y101000P000001Z014001L011010W013010U064020T021021X003021V020030F003030I010051
#0125,6,I000000T011000P082000V034000N020001F050011W034011Z021030X003030U074030L020031Y082050
#0126,6,I000000Z031000V002000T010001L001001X003011W001020N011021F061030U064030Y022031P112050
#0127,6,U060000N111000W013000X001001T021010Y054010L053011Z012021V033021F003030P040040I010051
#0128,6,I000000V021000P082000T034000N020001F050011W034011Z021030X003030U074030L020031Y082050
#0129,7,Y090000N154000Z030001P062001F020010L052010U060020X001021T023021W032030V034030I010051
#0130,7,V010000F043000L060001T034001P121010I004010X002020N130021W002021Z012031U011040Y043041
#0131,7,I010000V010001F043001Z030010L091010Y144011N053020W001021U060030T011030X001031P082050
#0132,7,N150000Y101000P000001Z014001L061010W012020U064020T021021X003021V020030F003030I010051
#0133,7,F020000V002000Y060001T034001L070010W033010I000011P001021X003030U074030Z013031N100050
#0134,7,I010000V010001F043001Z030010L001010W021011Y124011N073020U070030X001030T011031P082050
#0135,7,P130000W021000N082000Y054000T033001I004001X001020U001021F073030V020031Z002031L020040
#0136,7,F020000V002000I010001N150010W033010Z030011L001011Y033021X003030U074030T021031P040040
#0137,7,U000000X002000N083000I000001T034001W034010Y011011F033021V020030Z031030P134030L043041
#0138,7,I010000N120001Z031001V002001F020010T002010L034020W011021Y042030X002031U023031P100050
#0139,7,I000000Z031000V002000T010001Y001001L044011W001020F061030U064030P000031X003031N082050
#0140,7,L060000F014000I010001X001010Y060011N134011P140021U022021W032030T023030Z021031V034031
#0141,7,I010000N120001Z031001V002001T000010F043010L034020W011021Y042030X002031U023031P100050
#0142,7,I000000T011000V002000Y070001L061001P002011W012020N124021F043030X001031Z002031U040050
#0143,7,F050000L001000I010001X003010Y060011Z014011P120020W011030T034030U011031V034031N091050
#0144,7,P070000Z022000N014000I000001V011001T034001Y134020W012021U000030X002030F073031L083050
#0145,7,L060000U064000T000001F033001N061010I000011Z012020V033020X003021P134030W021031Y090050
#0146,7,I000000U051000X002000Y154000F050001W034001P011020N073020T010021Z013031V034031L090050
#0147,7,F050000V001000N154000I000001W021001P062001L150020Z032020Y011021T011030X003031U042050
#0148,7,I010000L010001V002001W020010P081010F043010Y034020Z021021X003021T010030U012041N091050
#0149,7,I000000Z031000P082000Y134000N020001T010011U001020F043021W002030X001031V034031L090050
#0150,7,L060000U064000T000001X003001N011010Z022010I000011V033020F052021P134030W021031Y090050
#0151,7,I010000N050001Z001001P033001T000010F043010L150020Y134020V020021X002030W002031U051050
#0152,7,I000000Y071000U052000X003000L010001V011011Z014011N154020W032030T023030F043031P040041
#0153,7,L000000U064000T000001F033001N000010I000011V020020Z031020X003021P134030W021031Y090050
#0154,7,F050000L001000I010001X003010V010011Z023011N150020U001021P144021T021030W022030Y043041
#0155,7,U050000X001000Z023000T033001Y144001P140011V034020W001021N061030F031031L044041I010050
#0156,7,I000000V011000T034000Y070001L001001P061011W012020N124021F043030X001031Z002031U040050
#0157,7,U040000T033000L034000X001001P073001N140010W011020F032021V034021Z032030Y021040I010051
#0158,7,I010000Z030001V001001L034001F020010T002010U060020Y034020X001021W032030P062041N082050
#0159,7,T000000W013000I010001Y070010P124010L000011F073020V010021Z021031X003031N061040U042050
#0160,7,N020000U042000Z000001X003001W020010F014010V020011P144021T010030L043031Y043040I010051
#0161,8,F050000Y001000I010001P124010L000011T010020W002020V010021Z021031X003031N061040U042050
#0162,8,T010000Y101000U000001F072001N124001Z023010W011020X002021V020031P054031L091040I010050
#0163,8,F020000V002000Y060001Z014001I000010N143010W020011X002020P144021T010031U011040L084050
#0164,8,I010000F020001V002001P000010L143010Z014010N120011W032021T021030X003030U074030Y042041
#0165,8,T010000Y101000U000001X002001N124001Z023010W011020F013021V020031P054031L091040I010050
#0166,8,L060000T034000I010001X001010Z030011V001011N124011W033020U060030F001031Y043040P062041
#0167,8,I010000V010001Z013001Y144001N150010U001010X003010W012021T034030F073031P040040L083050
#0168,8,I000000N101000L044000P070001F062001W034011Y061020T021030X003030U074030V020031Z031031
#0169,8,F020000V002000I010001N140010L033010W000011P062011Z012020U064030T021031X003031Y021040
#0170,8,T010000L001000V010001W013001X003010Y141011I004011P053021U070030F041030Z014030N083050
#0171,8,T000000W013000Y140001Z031001V002001I004010L150020F013020N021021X001031U011040P023041
#0172,8,F050000N091000W034000T032001L123001Y124001U060020X001021Z021030V034030P082040I010051
#0173,8,I010000T000001W013001P120010Y001010N134011U001020X003021V020030Z002030F031031L044041
#0174,8,Y060000P154000V010001F013001I000010W012010N053020Z031021L053021X002030T010031U051050
#0175,8,Z000000P032000I004000N130001L121001U032001X003011Y120021W032030T023030F032031V034031
#0176,8,I010000L010001V002001T010010Y101010F021011Z023020N031021W011030U064030X003031P101050
#0177,8,L060000P154000I000001U001001Y053001X001010Z002010N124021V020030F072030T021031W022031
#0178,8,U050000X001000Z023000L013001Y034010N130011P071011I004011T021030W022030V020031F072031
#0179,8,I010000V010001Z013001N134001Y000010F020020T023020P002021U060030X001031W034031L101050
#0180,8,U030000N083000T010001L034001X001010P153010I004010W011021V020030F072030Z032031Y021041
#0181,8,Y070000L001000I000001T011001V002001P061010N154020W012021X001030Z002030F043031U050050
#0182,8,I010000F020001P062001W020010Y061010N120011L053020V002021T033030X001031Z002031U040050
#0183,8,U000000X002000N083000T010001W034001I004010Z013020F031021Y054021V020030P112040L083050
#0184,8,Y060000N034000L070001V011001T034001I000010W012010F022021X002030P134030Z012031U051050
#0185,8,I010000T000001W013001L070010V011010Z014010Y070011N014011X003030U074030F002031P100050
#0186,8,U050000X001000Z023000P033001V034010N130011W001011F031021L021030T034031Y021041I010050
#0187,8,L050000U032000W000001T002001I000010X003010Y010011V034011F032030P134030Z031031N082050
#0188,8,L060000Y054000I010001F021010P000011W013011Z000020N124021U060030V033030X001031T023031
#0189,8,I010000L000001Y034001U050010X001010P033010V010021T010030W002030Z021031F033031N101050
#0190,8,I000000V011000Z014000U030001L053001X001011Y033011F043020W021030P134030T010031N110050
#0191,8,U050000X001000L053000P143001I004001V000011N140020W032020Z000021F073030T023031Y090050
#0192,8,N140000T021000U052000F073000W000001Z023011X003020V021021Y124021P040030L020041I010050
#0193,8,F020000V002000T010001Y001001I000010W033010L044011Z013030U064030P000031X003031N082050
#0194,8,I010000L000001Y034001U040010P033010X001011V010020Z021030F033030T010031W002031N083050
#0195,8,F050000Y001000I010001T034010U030011Z023011N140020V021021L124021W011030X003030P081050
#0196,8,N100000P023000F020001Y054001U070010X001010L053020W032021T023021Z012030V033030I010051
#0197,8,P090000F013000N034000V020001T033001I004001W020010U060030L044030X001031Z002031Y091050
#0198,8,I010000P070001V002001N150010Y091010F013011Z021020W013020U064030T021031X003031L043040
#0199,8,T010000Y001000I010001Z014010W000011P062011L071020N130021X003030U074030F031031V033031
#0200,9,F020000N082000P154000Y073001I000010W033010U030011X001021Z013030V034030T034031L020041
#0201,9,Y000000U064000V010001X003001L150010N051010I003010F061011T021030P134030W032031Z023031
#0202,9,I000000P001000W034000F050001V001001N124001Y011020L120021Z032021X003030T011031U052050
#0203,9,F020000U042000P070001W033001Y150010X003010L144010T033021Z021030V034030N082040I010051
#0204,9,L070000T011000V002000Y060001N034001I000011W012011F022020Z012030X002031P144031U041050
#0205,9,I000000Y061000N070001F051001V002001Z031010L053010X003021T021030W022030P010031U012041
#0206,9,N110000U032000Y010001T034001Z000010X003010L070020F061021W002021V034030P091040I010051
#0207,9,P070000U052000X003000I000001Y121001V002011F072020L034020Z002021T010030W032031N111050
#0208,9,L000000Y034000Z030001V001001I004001T000010U060020W022020X001021F003031N021040P080050
#0209,9,U050000X001000L133000I004000F014001Y140011W021011Z012020V034021T021031N061040P092050
#0210,9,T000000W013000Y000001N134001I000010Z000011X003011F013020V020021P144031U011040L043041
#0211,9,W020000Y061000Z030001V001001I004001L053010U060020T033020X001021F003031N021040P080050
#0212,9,N140000U031000P154000T000001Y053001Z012010X003020W032021V034021F031030L044040I010051
#0213,9,W000000T002000Y000001N134001I000010Z000011X003011F051020V020021P144031U011040L043041
#0214,9,I000000N091000L154000V002001U051010X002010W020011Z002021F061030P013030T010031Y112050
#0215,9,P150000L001000U001001Y053001I004001Z021010X003010N120021F032030V034030T021031W022031
#0216,9,L000000P124000T010001V001001I000010Y071010Z032010W011021F073030X002031U023031N091050
#0217,9,I000000F051000N092000Y070001U023001W034010T001011V021020P134030X001031Z023031L090050
#0218,9,N140000U031000P134000I010001F012010V011011X003020W002021T010030Z012031L044040Y043041
#0219,9,L060000F014000T010001V001001I004001X001010Y034020U001021P150030W012030Z002031N082050
#0220,9,I000000P151000V012000Y070001U032001Z023010X003011L034020F051030W011031T034031N110050
#0221,9,F020000N082000P124000Z013001I000010X003010V020011W002021U001030T034030L060041Y083050
#0222,9,N050000L101000T000001F073001V012010I000011Y070020Z023020W012021U064030X003031P101050
#0223,9,I000000P081000Z013000V034000T010001W034001X001021N134021U031030F073031Y042040L020041
#0224,9,T010000N091000W034000U032001Z000011Y053011X001020P124020V020021F073030L020040I010051
#0225,9,U050000X001000F063000L144000T033001P140011V034020Z021021N061030W002031Y042041I010050
#0226,9,I000000L001000F050001Y001001V011010Z014011T002020P010021W032030U064030X003031N082050
#0227,9,T010000P101000L134000W020001X003001I003010Z021020Y140021N124021V032030U001031F003031
#0228,9,L130000N111000Z013000V034000F031001T033011I004011W011030P023030U000031X002031Y101050
#0229,9,U050000F031000Z023000T033001L034001I004010N050011X001020V022021W033030P140031Y083050
#0230,9,L070000T011000N082000U064000X003001F020011W002020V020021Z012030P062031Y043040I010051
#0231,9,F020000P112000W034000N130001T034001I001011Y134020L120021Z002021X001030U022030V022031
#0232,9,L000000Y034000T010001V001001I004001P060010N150020W001021Z021030X003030F020031U052050
#0233,10,N110000F042000P054000L020001I004001W020010Y000021U060030Z013030V034030X001031T023031
#0234,10,T000000P053000Y134000I010001L150010V010011N053011W001021Z021030X003030F061031U052050
#0235,10,L130000N021000P113000F031001Z031010T033011I004011V034020W011030U000031X002031Y101050
#0236,10,V020000N101000L044000Z000001F052001Y070011X003020U074020P040030W032031T023031I010050
#0237,10,P030000Y112000F043000T010001N144010Z023011L070020X002020W011021V034030U051040I010051
#0238,10,L060000W034000I010001N111010P040011Z000020T034020F043021U060030X001031V034031Y043040
#0239,10,P120000T011000U042000W021001N053001I004010Y010020Z022020X001021V033030F073031L020041
#0240,10,U040000Z013000V034000X001001Y033001I004001P130010N061030T034030F001031W022031L090050
#0241,10,P150000Y061000Z021001W013001I001010N013010L134010F043021U060030T023030X001031V034031
#0242,10,I000000P011000U042000L010001X003001Z023010W021011V034020Y034021T021030F031031N083050
#0243,10,N140000P131000U032000I010001X003010V002011F050020Z002021T034030W011031L020040Y022041
#0244,10,L090000Y054000F031001T002001V000010I004011Z000020N073020W001021U060030X001031P091050
#0245,10,L110000N141000V012000T034001Y010010P033010I000011W002021Z021030X003030F032031U052050
#0246,10,L140000N071000U052000X003000T011001I000010P144011Z002021V021030F073030W011031Y022041
#0247,10,N140000P061000I004000Y060001F014001T011010V020020W001021L034021Z002030X001031U040050
#0248,10,N020000P082000Y134000F020001W020010I000011X003011Z002020T010030V021031U012031L101050
#0249,10,U030000Y083000W034000I000001N011010F051011V002011L154020Z021030P053030T021031X003031
#0250,10,U050000F001000X003000L144000T033001P140011V034020Z021021N061030W002031Y042041I010050
#0251,10,L110000N061000T034000W034001I000011U001011V010020X003020Y124021F061030Z013031P102050
#0252,10,L130000V021000U052000F073000X001001W033011I004011Y120021Z021030P023030T033031N092050
#0253,10,W020000N111000F043000P040001U064010X003011T010020L010021Y043030V021031Z032031I010050
#0254,10,P040000N082000L134000F073001Z013010I000011T011011V020020W002030X002031U023031Y090050
#0255,10,L140000T011000P082000V034000Z031001Y070010I004011W001021X002030U023030F031031N110050
#0256,10,U040000P023000X001001Y033001I004001N140010F061010L053020Z012030V033030T021031W022031
#0257,10,L100000T034000U030001W034001F020010N011011V020020X003020Y124021Z021031P053031I010050
#0258,10,Y070000L111000X002000U023000F050001W033011I004011N120021Z031030V002030T033031P111050
#0259,10,U040000P153000I004000X001001Y034001V000010Z000020N130021W022021T023030F031031L111050
#0260,10,P030000V002000Y060001T034001Z002010F050011N140020W032020X003021U042040L021041I010050
#0261,10,I010000P010001Y061001Z030010L001010W013011F063020N124021U060030V021030X001031T023031
#0262,10,L140000V021000P082000T034000Z031001Y070010I004011W001021X002030U023030F031031N110050
#0263,10,I000000N001000U074000V010001F013001P131010W022010X003021Z032030T010031Y021040L044041
#0264,10,V020000N111000T033000I004000Y070001W021001L053011P000030F003030X001031Z002031U040050
